username,first_name,last_name,email,password
andresmendoza,Lisa,Jordan,mthompson@example.org,8!3R23_g#N
andreaflores,Laura,Flores,ahoward@example.org,14J#2ZzMST
holmesscott,Jessica,King,tayloreric@example.com,ewX4_AoLx^
jamesowen,Zachary,Valencia,robert37@example.net,7#8lL3kwNU
logan64,Jeffrey,Foley,jeanette47@example.net,z1Uw2Lxn#4
michaelallen,Jimmy,Watts,jamesdillon@example.net,WPe5Fuq*h#
rshepherd,William,Bradley,wubenjamin@example.com,5@C73Cfr#H
ncantu,Daniel,Perez,thomas85@example.org,^Rk$FSAbg6
xfitzgerald,Zachary,Gay,hunterbrian@example.net,KvvFfUJO!3
elizabethduncan,Angela,Patel,stephanie48@example.org,HAKs(1Ym)K
